Workbook

Sheet Input
A1: WIND LOAD — Z FACE LEDGER MEMBER LOAD CALCULATOR
A2: BS EN 1991-1-4 | Tributary Height Method | Z Face (long face) | Up to 10 lifts
A4: INSTRUCTIONS: Enter lift heights in the BLUE cell(s) — each value is the SPACE between consecutive ledgers (bottom up). Lift 1 = floor to kicker. Lift 2 = kicker to L2, etc. Leave unused rows blank. n lifts = n ledger loads. Kicker (L1) carries half the space below (lift 1) + half above (lift 2).
A6: WIND LOAD — Z FACE LEDGER MEMBER LOAD CALCULATOR
A7: BS EN 1991-1-4 | B7: Design wind pressure qw (kN/m²) | C7: 1.176 | D7: kN/m²
B8: Lift No. | C8: Lift Height (m)
B9: 1 | C9: 0.3
B10: 2 | C10: 0.551
B11: 3 | C11: 0.45
B12: 4 | C12: 0.534
B13: 5 | C13: 0.59
B14: 6 | C14: 1.275
B15: 7 | C15: 0.3
B16: 8
B17: 9
B18: 10

Sheet Results
A1: WIND LOAD RESULTS — Z FACE LEDGER MEMBER LOADS
A2: Z FACE — LEDGER MEMBER LOADS
A3: Ledger | B3: Tributary Height (m) | C3: Wind Pressure (kN/m²) | D3: Member Load (kN/m)
A4: =IF(1>COUNTA(Input!$C$9:$C$18),"—",IF(1=1,"L1 (Kicker)",IF(1=COUNTA(Input!$C$9:$C$18),"L"&1&" (Top)","L"&1&" (Interior)"))) -> L1 (Kicker) | B4: =IF(1>COUNTA(Input!$C$9:$C$18),"—",IFERROR(IF(1=COUNTA(Input!$C$9:$C$18),TEXT(Input!$C$9,"0.000")&" / 2 = "&TEXT(Input!$C$9/2,"0.000"),"("&TEXT(Input!$C$9/2,"0.000")&" + "&TEXT(Input!$C$10/2,"0.000")&") = "&TEXT(Input!$C$9/2+Input!$C$10/2,"0.000")),"—")) -> (0.150 + 0.276) = 0.426 | C4: =IF(1>COUNTA(Input!$C$9:$C$18),"—",Input!$C$7) -> 1.176 | D4: =IF(1>COUNTA(Input!$C$9:$C$18),"—",IFERROR(ROUND((IF(1=COUNTA(Input!$C$9:$C$18),Input!$C$9/2,Input!$C$9/2+Input!$C$10/2))*Input!$C$7,3),"—")) -> 0.5
A5: =IF(2>COUNTA(Input!$C$9:$C$18),"—",IF(2=1,"L1 (Kicker)",IF(2=COUNTA(Input!$C$9:$C$18),"L"&2&" (Top)","L"&2&" (Interior)"))) -> L2 (Interior) | B5: =IF(2>COUNTA(Input!$C$9:$C$18),"—",IFERROR(IF(2=COUNTA(Input!$C$9:$C$18),TEXT(Input!$C$10,"0.000")&" / 2 = "&TEXT(Input!$C$10/2,"0.000"),"("&TEXT(Input!$C$10/2,"0.000")&" + "&TEXT(Input!$C$11/2,"0.000")&") = "&TEXT(Input!$C$10/2+Input!$C$11/2,"0.000")),"—")) -> (0.276 + 0.225) = 0.501 | C5: =IF(2>COUNTA(Input!$C$9:$C$18),"—",Input!$C$7) -> 1.176 | D5: =IF(2>COUNTA(Input!$C$9:$C$18),"—",IFERROR(ROUND((IF(2=COUNTA(Input!$C$9:$C$18),Input!$C$10/2,Input!$C$10/2+Input!$C$11/2))*Input!$C$7,3),"—")) -> 0.589
A6: =IF(3>COUNTA(Input!$C$9:$C$18),"—",IF(3=1,"L1 (Kicker)",IF(3=COUNTA(Input!$C$9:$C$18),"L"&3&" (Top)","L"&3&" (Interior)"))) -> L3 (Interior) | B6: =IF(3>COUNTA(Input!$C$9:$C$18),"—",IFERROR(IF(3=COUNTA(Input!$C$9:$C$18),TEXT(Input!$C$11,"0.000")&" / 2 = "&TEXT(Input!$C$11/2,"0.000"),"("&TEXT(Input!$C$11/2,"0.000")&" + "&TEXT(Input!$C$12/2,"0.000")&") = "&TEXT(Input!$C$11/2+Input!$C$12/2,"0.000")),"—")) -> (0.225 + 0.267) = 0.492 | C6: =IF(3>COUNTA(Input!$C$9:$C$18),"—",Input!$C$7) -> 1.176 | D6: =IF(3>COUNTA(Input!$C$9:$C$18),"—",IFERROR(ROUND((IF(3=COUNTA(Input!$C$9:$C$18),Input!$C$11/2,Input!$C$11/2+Input!$C$12/2))*Input!$C$7,3),"—")) -> 0.579
A7: =IF(4>COUNTA(Input!$C$9:$C$18),"—",IF(4=1,"L1 (Kicker)",IF(4=COUNTA(Input!$C$9:$C$18),"L"&4&" (Top)","L"&4&" (Interior)"))) -> L4 (Interior) | B7: =IF(4>COUNTA(Input!$C$9:$C$18),"—",IFERROR(IF(4=COUNTA(Input!$C$9:$C$18),TEXT(Input!$C$12,"0.000")&" / 2 = "&TEXT(Input!$C$12/2,"0.000"),"("&TEXT(Input!$C$12/2,"0.000")&" + "&TEXT(Input!$C$13/2,"0.000")&") = "&TEXT(Input!$C$12/2+Input!$C$13/2,"0.000")),"—")) -> (0.267 + 0.295) = 0.562 | C7: =IF(4>COUNTA(Input!$C$9:$C$18),"—",Input!$C$7) -> 1.176 | D7: =IF(4>COUNTA(Input!$C$9:$C$18),"—",IFERROR(ROUND((IF(4=COUNTA(Input!$C$9:$C$18),Input!$C$12/2,Input!$C$12/2+Input!$C$13/2))*Input!$C$7,3),"—")) -> 0.661
A8: =IF(5>COUNTA(Input!$C$9:$C$18),"—",IF(5=1,"L1 (Kicker)",IF(5=COUNTA(Input!$C$9:$C$18),"L"&5&" (Top)","L"&5&" (Interior)"))) -> L5 (Interior) | B8: =IF(5>COUNTA(Input!$C$9:$C$18),"—",IFERROR(IF(5=COUNTA(Input!$C$9:$C$18),TEXT(Input!$C$13,"0.000")&" / 2 = "&TEXT(Input!$C$13/2,"0.000"),"("&TEXT(Input!$C$13/2,"0.000")&" + "&TEXT(Input!$C$14/2,"0.000")&") = "&TEXT(Input!$C$13/2+Input!$C$14/2,"0.000")),"—")) -> (0.295 + 0.638) = 0.933 | C8: =IF(5>COUNTA(Input!$C$9:$C$18),"—",Input!$C$7) -> 1.176 | D8: =IF(5>COUNTA(Input!$C$9:$C$18),"—",IFERROR(ROUND((IF(5=COUNTA(Input!$C$9:$C$18),Input!$C$13/2,Input!$C$13/2+Input!$C$14/2))*Input!$C$7,3),"—")) -> 1.097
A9: =IF(6>COUNTA(Input!$C$9:$C$18),"—",IF(6=1,"L1 (Kicker)",IF(6=COUNTA(Input!$C$9:$C$18),"L"&6&" (Top)","L"&6&" (Interior)"))) -> L6 (Interior) | B9: =IF(6>COUNTA(Input!$C$9:$C$18),"—",IFERROR(IF(6=COUNTA(Input!$C$9:$C$18),TEXT(Input!$C$14,"0.000")&" / 2 = "&TEXT(Input!$C$14/2,"0.000"),"("&TEXT(Input!$C$14/2,"0.000")&" + "&TEXT(Input!$C$15/2,"0.000")&") = "&TEXT(Input!$C$14/2+Input!$C$15/2,"0.000")),"—")) -> (0.638 + 0.150) = 0.788 | C9: =IF(6>COUNTA(Input!$C$9:$C$18),"—",Input!$C$7) -> 1.176 | D9: =IF(6>COUNTA(Input!$C$9:$C$18),"—",IFERROR(ROUND((IF(6=COUNTA(Input!$C$9:$C$18),Input!$C$14/2,Input!$C$14/2+Input!$C$15/2))*Input!$C$7,3),"—")) -> 0.926
A10: =IF(7>COUNTA(Input!$C$9:$C$18),"—",IF(7=1,"L1 (Kicker)",IF(7=COUNTA(Input!$C$9:$C$18),"L"&7&" (Top)","L"&7&" (Interior)"))) -> L7 (Top) | B10: =IF(7>COUNTA(Input!$C$9:$C$18),"—",IFERROR(IF(7=COUNTA(Input!$C$9:$C$18),TEXT(Input!$C$15,"0.000")&" / 2 = "&TEXT(Input!$C$15/2,"0.000"),"("&TEXT(Input!$C$15/2,"0.000")&" + "&TEXT(Input!$C$16/2,"0.000")&") = "&TEXT(Input!$C$15/2+Input!$C$16/2,"0.000")),"—")) -> 0.300 / 2 = 0.150 | C10: =IF(7>COUNTA(Input!$C$9:$C$18),"—",Input!$C$7) -> 1.176 | D10: =IF(7>COUNTA(Input!$C$9:$C$18),"—",IFERROR(ROUND((IF(7=COUNTA(Input!$C$9:$C$18),Input!$C$15/2,Input!$C$15/2+Input!$C$16/2))*Input!$C$7,3),"—")) -> 0.176
A11: =IF(8>COUNTA(Input!$C$9:$C$18),"—",IF(8=1,"L1 (Kicker)",IF(8=COUNTA(Input!$C$9:$C$18),"L"&8&" (Top)","L"&8&" (Interior)"))) -> — | B11: =IF(8>COUNTA(Input!$C$9:$C$18),"—",IFERROR(IF(8=COUNTA(Input!$C$9:$C$18),TEXT(Input!$C$16,"0.000")&" / 2 = "&TEXT(Input!$C$16/2,"0.000"),"("&TEXT(Input!$C$16/2,"0.000")&" + "&TEXT(Input!$C$17/2,"0.000")&") = "&TEXT(Input!$C$16/2+Input!$C$17/2,"0.000")),"—")) -> — | C11: =IF(8>COUNTA(Input!$C$9:$C$18),"—",Input!$C$7) -> — | D11: =IF(8>COUNTA(Input!$C$9:$C$18),"—",IFERROR(ROUND((IF(8=COUNTA(Input!$C$9:$C$18),Input!$C$16/2,Input!$C$16/2+Input!$C$17/2))*Input!$C$7,3),"—")) -> —
A12: =IF(9>COUNTA(Input!$C$9:$C$18),"—",IF(9=1,"L1 (Kicker)",IF(9=COUNTA(Input!$C$9:$C$18),"L"&9&" (Top)","L"&9&" (Interior)"))) -> — | B12: =IF(9>COUNTA(Input!$C$9:$C$18),"—",IFERROR(IF(9=COUNTA(Input!$C$9:$C$18),TEXT(Input!$C$17,"0.000")&" / 2 = "&TEXT(Input!$C$17/2,"0.000"),"("&TEXT(Input!$C$17/2,"0.000")&" + "&TEXT(Input!$C$18/2,"0.000")&") = "&TEXT(Input!$C$17/2+Input!$C$18/2,"0.000")),"—")) -> — | C12: =IF(9>COUNTA(Input!$C$9:$C$18),"—",Input!$C$7) -> — | D12: =IF(9>COUNTA(Input!$C$9:$C$18),"—",IFERROR(ROUND((IF(9=COUNTA(Input!$C$9:$C$18),Input!$C$17/2,Input!$C$17/2+Input!$C$18/2))*Input!$C$7,3),"—")) -> —
A13: =IF(10>COUNTA(Input!$C$9:$C$18),"—",IF(10=1,"L1 (Kicker)",IF(10=COUNTA(Input!$C$9:$C$18),"L"&10&" (Top)","L"&10&" (Interior)"))) -> — | B13: =IF(10>COUNTA(Input!$C$9:$C$18),"—",IFERROR(IF(10=COUNTA(Input!$C$9:$C$18),TEXT(Input!$C$18,"0.000")&" / 2 = "&TEXT(Input!$C$18/2,"0.000"),"("&TEXT(Input!$C$18/2,"0.000")&" + "&TEXT(Input!$C$19/2,"0.000")&") = "&TEXT(Input!$C$18/2+Input!$C$19/2,"0.000")),"—")) -> — | C13: =IF(10>COUNTA(Input!$C$9:$C$18),"—",Input!$C$7) -> — | D13: =IF(10>COUNTA(Input!$C$9:$C$18),"—",IFERROR(ROUND((IF(10=COUNTA(Input!$C$9:$C$18),Input!$C$18/2,Input!$C$18/2+Input!$C$19/2))*Input!$C$7,3),"—")) -> —
